account_id,customer_id,account_type,product_code,account_number,status,ledger_balance,available_balance,accrued_interest,interest_rate,overdraft_limit,open_dt
500001,100001,CHK,CHK-BASIC,CHE000000500001,OPEN,4200.00,4050.00,0.000000,0.000000,500.00,2019-06-01
500002,100001,SAV,SAV-HY,CHE000000500002,OPEN,25000.00,25000.00,0.000000,0.041000,0.00,2019-06-01
500003,100002,CHK,CHK-BASIC,CHE000000500003,OPEN,850.00,850.00,0.000000,0.000000,0.00,2021-08-15
500004,100004,MMA,MMA-TIER,CHE000000500004,OPEN,152000.00,150000.00,0.000000,0.045000,1000.00,2015-02-20
500005,100004,CHK,CHK-BASIC,CHE000000500005,OPEN,1200.00,1200.00,0.000000,0.000000,750.00,2015-02-20
500006,100005,SAV,SAV-PLUS,CHE000000500006,OPEN,48000.00,48000.00,0.000000,0.039000,0.00,2016-05-10
500007,100006,CHK,CHK-BASIC,CHE000000500007,OPEN,300.00,300.00,0.000000,0.000000,200.00,2022-11-01
500008,100006,CD,CD-12M,CHE000000500008,OPEN,10000.00,10000.00,0.000000,0.052000,0.00,2023-01-15
500009,100007,CD,CD-12M,CHE000000500009,OPEN,83896.90,83896.90,0.000000,0.052000,0.00,2015-01-01
500010,100007,CHK,CHK-BASIC,CHE000000500010,OPEN,4875.86,4875.86,0.000000,0.000000,750.00,2016-02-02
500011,100008,SAV,SAV-STD,CHE000000500011,OPEN,1050.00,1050.00,0.000000,0.036500,0.00,2017-03-03
500012,100008,CHK,CHK-BASIC,CHE000000500012,OPEN,325.96,325.96,0.000000,0.000000,1000.00,2018-04-04
500013,100009,CHK,CHK-BASIC,CHE000000500013,OPEN,325.52,325.52,0.000000,0.000000,500.00,2019-05-05
500014,100009,CHK,CHK-BASIC,CHE000000500014,OPEN,6400.77,6400.77,0.000000,0.000000,200.00,2020-06-06
500015,100010,SAV,SAV-STD,CHE000000500015,OPEN,47038.43,47038.43,0.000000,0.036500,0.00,2021-07-07
500016,100010,SAV,SAV-STD,CHE000000500016,OPEN,4143.25,4143.25,0.000000,0.036500,0.00,2022-08-08
500017,100011,CHK,CHK-BASIC,CHE000000500017,OPEN,875.42,875.42,0.000000,0.000000,0.00,2023-09-09
500018,100011,CHK,CHK-BASIC,CHE000000500018,OPEN,1600.89,1600.89,0.000000,0.000000,500.00,2015-10-10
500019,100012,CHK,CHK-BASIC,CHE000000500019,OPEN,1375.00,1375.00,0.000000,0.000000,750.00,2016-11-11
500020,100012,CD,CD-12M,CHE000000500020,OPEN,27933.80,27933.80,0.000000,0.052000,0.00,2017-12-12
500021,100013,SAV,SAV-HY,CHE000000500021,OPEN,56113.10,56113.10,0.000000,0.041000,0.00,2018-01-13
500022,100013,MMA,MMA-TIER,CHE000000500022,OPEN,157071.51,157071.51,0.000000,0.045000,1000.00,2019-02-14
500023,100014,SAV,SAV-STD,CHE000000500023,OPEN,1250.00,1250.00,0.000000,0.036500,0.00,2020-03-15
500024,100014,SAV,SAV-STD,CHE000000500024,OPEN,58898.49,58898.49,0.000000,0.036500,0.00,2021-04-16
500025,100015,CD,CD-12M,CHE000000500025,OPEN,17791.43,17791.43,0.000000,0.052000,0.00,2022-05-17
500026,100015,SAV,SAV-PLUS,CHE000000500026,OPEN,35281.13,35281.13,0.000000,0.039000,0.00,2023-06-18
500027,100016,SAV,SAV-PLUS,CHE000000500027,OPEN,4255.20,4255.20,0.000000,0.039000,0.00,2015-07-19
500028,100016,CD,CD-12M,CHE000000500028,OPEN,95062.64,95062.64,0.000000,0.052000,0.00,2016-08-20
500029,100017,MMA,MMA-TIER,CHE000000500029,OPEN,157301.93,157301.93,0.000000,0.045000,750.00,2017-09-21
500030,100017,SAV,SAV-PLUS,CHE000000500030,OPEN,32630.94,32630.94,0.000000,0.039000,0.00,2018-10-22
500031,100018,MMA,MMA-TIER,CHE000000500031,OPEN,88672.25,88672.25,0.000000,0.045000,750.00,2019-11-23
500032,100018,CHK,CHK-BASIC,CHE000000500032,OPEN,640.72,640.72,0.000000,0.000000,750.00,2020-12-24
500033,100019,MMA,MMA-TIER,CHE000000500033,OPEN,133239.39,133239.39,0.000000,0.045000,0.00,2021-01-25
500034,100019,MMA,MMA-TIER,CHE000000500034,OPEN,233397.39,233397.39,0.000000,0.045000,0.00,2022-02-26
500035,100020,CHK,CHK-BASIC,CHE000000500035,OPEN,1600.96,1600.96,0.000000,0.000000,500.00,2023-03-27
500036,100020,SAV,SAV-HY,CHE000000500036,OPEN,11785.43,11785.43,0.000000,0.041000,0.00,2015-04-01
500037,100021,SAV,SAV-STD,CHE000000500037,OPEN,12550.00,12550.00,0.000000,0.036500,0.00,2016-05-02
500038,100021,CHK,CHK-BASIC,CHE000000500038,OPEN,4875.89,4875.89,0.000000,0.000000,750.00,2017-06-03
500039,100022,MMA,MMA-TIER,CHE000000500039,OPEN,58203.25,58203.25,0.000000,0.045000,750.00,2018-07-04
500040,100022,CHK,CHK-BASIC,CHE000000500040,OPEN,9150.10,9150.10,0.000000,0.000000,1000.00,2019-08-05
500041,100023,MMA,MMA-TIER,CHE000000500041,OPEN,83619.91,83619.91,0.000000,0.045000,0.00,2020-09-06
500042,100023,CHK,CHK-BASIC,CHE000000500042,OPEN,6400.97,6400.97,0.000000,0.000000,200.00,2021-10-07
500043,100024,CHK,CHK-BASIC,CHE000000500043,OPEN,2250.27,2250.27,0.000000,0.000000,1000.00,2022-11-08
500044,100024,SAV,SAV-STD,CHE000000500044,OPEN,50476.36,50476.36,0.000000,0.036500,0.00,2023-12-09
500045,100025,CHK,CHK-BASIC,CHE000000500045,OPEN,325.99,325.99,0.000000,0.000000,500.00,2015-01-10
500046,100025,CHK,CHK-BASIC,CHE000000500046,OPEN,4875.52,4875.52,0.000000,0.000000,750.00,2016-02-11
500047,100026,CD,CD-12M,CHE000000500047,OPEN,67589.33,67589.33,0.000000,0.052000,0.00,2017-03-12
500048,100026,SAV,SAV-PLUS,CHE000000500048,OPEN,4190.52,4190.52,0.000000,0.039000,0.00,2018-04-13
500049,100027,CHK,CHK-BASIC,CHE000000500049,OPEN,4875.91,4875.91,0.000000,0.000000,1000.00,2019-05-14
500050,100027,CHK,CHK-BASIC,CHE000000500050,OPEN,325.37,325.37,0.000000,0.000000,0.00,2020-06-15
